Cell_ID,cluster_id_label,supertype_id_label,subclass_id_label,class_id_label,core,nt_type_label
AGCCACGCACAAAGTA,2987 SPA-SPFm-SPFp-POL-PIL-PoT Sp9 Glut_7,0724 SPA-SPFm-SPFp-POL-PIL-PoT Sp9 Glut_7,168 SPA-SPFm-SPFp-POL-PIL-PoT Sp9 Glut,19 MB Glut,True,Glut
AGTCATGCATTGACTG,2430 STN-PSTN Pitx2 Glut_1,0598 STN-PSTN Pitx2 Glut_1,135 STN-PSTN Pitx2 Glut,14 HY Glut,True,Glut
TTTCATGTCTGCTCTG,2412 PH-ant-LHA Otp Bsx Glut_4,0594 PH-ant-LHA Otp Bsx Glut_4,134 PH-ant-LHA Otp Bsx Glut,14 HY Glut,True,Glut
ACGGGTCTCTAACACG,5285 MOL NN_4,1184 MOL NN_4,327 Oligo NN,31 OPC-Oligo,False,
TCTTGCGAGCCAAGGT,5285 MOL NN_4,1184 MOL NN_4,327 Oligo NN,31 OPC-Oligo,False,
GTGTTAGCACAGTGTT,2461 PMv-TMv Pitx2 Glut_1,0605 PMv-TMv Pitx2 Glut_1,136 PMv-TMv Pitx2 Glut,14 HY Glut,True,Glut
GCTACAAGTGCCGTAC,2552 PH-SUM Foxa1 Glut_5,0626 PH-SUM Foxa1 Glut_5,141 PH-SUM Foxa1 Glut,14 HY Glut,False,Glut-GABA
TCGGGTGCAGCAGTGA,5284 MOL NN_4,1184 MOL NN_4,327 Oligo NN,31 OPC-Oligo,False,
GTTACGAAGGGTACGT,5285 MOL NN_4,1184 MOL NN_4,327 Oligo NN,31 OPC-Oligo,True,
CAGGCCACACGGCTAC,1740 ZI Pax6 Gaba_4,0462 ZI Pax6 Gaba_4,101 ZI Pax6 Gaba,12 HY GABA,False,GABA
TCGCAGGCAGCACAAG,5285 MOL NN_4,1184 MOL NN_4,327 Oligo NN,31 OPC-Oligo,False,
GACTTCCTCCAACTGA,5285 MOL NN_4,1184 MOL NN_4,327 Oligo NN,31 OPC-Oligo,True,
TTAGTCTAGCGTGAGT,2431 STN-PSTN Pitx2 Glut_1,0598 STN-PSTN Pitx2 Glut_1,135 STN-PSTN Pitx2 Glut,14 HY Glut,False,Glut
TATGTTCCAACTAGAA,2450 STN-PSTN Pitx2 Glut_4,0601 STN-PSTN Pitx2 Glut_4,135 STN-PSTN Pitx2 Glut,14 HY Glut,True,Glut
GTTTGGATCTTCGGTC,3879 SNc-VTA-RAmb Foxa1 Dopa_8,0887 SNc-VTA-RAmb Foxa1 Dopa_8,215 SNc-VTA-RAmb Foxa1 Dopa,21 MB Dopa,True,Glut-GABA
TCATGAGCACAAGTGG,3005 SPA-SPFm-SPFp-POL-PIL-PoT Sp9 Glut_12,0729 SPA-SPFm-SPFp-POL-PIL-PoT Sp9 Glut_12,168 SPA-SPFm-SPFp-POL-PIL-PoT Sp9 Glut,19 MB Glut,False,Glut
TCGGGTGGTAGCTGCC,1980 LGv-ZI Otx2 Gaba_4,0499 LGv-ZI Otx2 Gaba_4,109 LGv-ZI Otx2 Gaba,12 HY GABA,True,GABA
TCTACCGAGATGAATC,2437 STN-PSTN Pitx2 Glut_2,0599 STN-PSTN Pitx2 Glut_2,135 STN-PSTN Pitx2 Glut,14 HY Glut,False,Glut
TCTATACAGGTAAGAG,2542 PH-SUM Foxa1 Glut_2,0623 PH-SUM Foxa1 Glut_2,141 PH-SUM Foxa1 Glut,14 HY Glut,True,Glut
TCTCAGCGTATATGGA,2450 STN-PSTN Pitx2 Glut_4,0601 STN-PSTN Pitx2 Glut_4,135 STN-PSTN Pitx2 Glut,14 HY Glut,False,Glut
TGAATCGCATGGTACT,1753 ZI Pax6 Gaba_6,0464 ZI Pax6 Gaba_6,101 ZI Pax6 Gaba,12 HY GABA,True,GABA
TGACTCCCACGCTGAC,2516 PH-LHA Foxb1 Glut_4,0615 PH-LHA Foxb1 Glut_4,139 PH-LHA Foxb1 Glut,14 HY Glut,False,Glut
TGCATCCGTTTAGTCG,1740 ZI Pax6 Gaba_4,0462 ZI Pax6 Gaba_4,101 ZI Pax6 Gaba,12 HY GABA,True,GABA
TGGGCGTTCTAGATCG,2962 SPA-SPFm-SPFp-POL-PIL-PoT Sp9 Glut_4,0721 SPA-SPFm-SPFp-POL-PIL-PoT Sp9 Glut_4,168 SPA-SPFm-SPFp-POL-PIL-PoT Sp9 Glut,19 MB Glut,False,Glut
TGTCCTGAGATGGTCG,1808 DMH-LHA Gsx1 Gaba_2,0471 DMH-LHA Gsx1 Gaba_2,102 DMH-LHA Gsx1 Gaba,12 HY GABA,True,GABA
TGTTGAGCACATGAAA,1786 ZI Pax6 Gaba_11,0469 ZI Pax6 Gaba_11,101 ZI Pax6 Gaba,12 HY GABA,True,GABA
TTACGTTGTCCGAAAG,1809 DMH-LHA Gsx1 Gaba_2,0471 DMH-LHA Gsx1 Gaba_2,102 DMH-LHA Gsx1 Gaba,12 HY GABA,True,GABA
TTGACCCGTCGTTGGC,2525 PMd-LHA Foxb1 Glut_2,0620 PMd-LHA Foxb1 Glut_2,140 PMd-LHA Foxb1 Glut,14 HY Glut,False,Glut
TTGTTCATCTATGTGG,2442 STN-PSTN Pitx2 Glut_3,0600 STN-PSTN Pitx2 Glut_3,135 STN-PSTN Pitx2 Glut,14 HY Glut,True,Glut
ATTCCTACAACACAGG,1725 ZI Pax6 Gaba_2,0460 ZI Pax6 Gaba_2,101 ZI Pax6 Gaba,12 HY GABA,True,GABA
ATGCGATGTTTGGAGG,5286 MOL NN_4,1184 MOL NN_4,327 Oligo NN,31 OPC-Oligo,False,
TAAGTCGAGGGACAGG,5285 MOL NN_4,1184 MOL NN_4,327 Oligo NN,31 OPC-Oligo,False,
AGCCACGGTATCGAGG,5214 Astro-NT NN_2,1160 Astro-NT NN_2,318 Astro-NT NN,30 Astro-Epen,True,
TCCGTGTTCTACCAGA,5269 OPC NN_1,1179 OPC NN_1,326 OPC NN,31 OPC-Oligo,False,
TGGTACACAGTCAGAG,1725 ZI Pax6 Gaba_2,0460 ZI Pax6 Gaba_2,101 ZI Pax6 Gaba,12 HY GABA,True,GABA
AAACGAAAGACTAGAT,2987 SPA-SPFm-SPFp-POL-PIL-PoT Sp9 Glut_7,0724 SPA-SPFm-SPFp-POL-PIL-PoT Sp9 Glut_7,168 SPA-SPFm-SPFp-POL-PIL-PoT Sp9 Glut,19 MB Glut,True,Glut
AAACGCTAGGGTTGCA,2554 PH-SUM Foxa1 Glut_5,0626 PH-SUM Foxa1 Glut_5,141 PH-SUM Foxa1 Glut,14 HY Glut,True,Glut
CCTCAACAGAAATGGG,2435 STN-PSTN Pitx2 Glut_1,0598 STN-PSTN Pitx2 Glut_1,135 STN-PSTN Pitx2 Glut,14 HY Glut,True,Glut
CGAATTGTCAACACCA,2430 STN-PSTN Pitx2 Glut_1,0598 STN-PSTN Pitx2 Glut_1,135 STN-PSTN Pitx2 Glut,14 HY Glut,False,Glut
CGCAGGTAGCACAAAT,2987 SPA-SPFm-SPFp-POL-PIL-PoT Sp9 Glut_7,0724 SPA-SPFm-SPFp-POL-PIL-PoT Sp9 Glut_7,168 SPA-SPFm-SPFp-POL-PIL-PoT Sp9 Glut,19 MB Glut,True,Glut
CGCAGGTTCACTTCTA,3006 SPA-SPFm-SPFp-POL-PIL-PoT Sp9 Glut_12,0729 SPA-SPFm-SPFp-POL-PIL-PoT Sp9 Glut_12,168 SPA-SPFm-SPFp-POL-PIL-PoT Sp9 Glut,19 MB Glut,False,Glut
CGGGACTAGCTGGAGT,1739 ZI Pax6 Gaba_4,0462 ZI Pax6 Gaba_4,101 ZI Pax6 Gaba,12 HY GABA,False,GABA
CGTAGTAGTCCAGCCA,1793 DMH-LHA Gsx1 Gaba_1,0470 DMH-LHA Gsx1 Gaba_1,102 DMH-LHA Gsx1 Gaba,12 HY GABA,False,GABA
CTAGGTATCCACCCTA,2426 PH-ant-LHA Otp Bsx Glut_7,0597 PH-ant-LHA Otp Bsx Glut_7,134 PH-ant-LHA Otp Bsx Glut,14 HY Glut,True,Glut
CTCAATTTCAGAGCAG,2540 PH-SUM Foxa1 Glut_2,0623 PH-SUM Foxa1 Glut_2,141 PH-SUM Foxa1 Glut,14 HY Glut,False,Glut-GABA
CTCAGTCCAGGTGTTT,2452 STN-PSTN Pitx2 Glut_4,0601 STN-PSTN Pitx2 Glut_4,135 STN-PSTN Pitx2 Glut,14 HY Glut,True,Glut
CTCCGATAGTGGTTCT,2509 PH-LHA Foxb1 Glut_3,0614 PH-LHA Foxb1 Glut_3,139 PH-LHA Foxb1 Glut,14 HY Glut,True,Glut
CTCTCGATCTGTCGTC,1732 ZI Pax6 Gaba_3,0461 ZI Pax6 Gaba_3,101 ZI Pax6 Gaba,12 HY GABA,False,GABA
CTTAGGACACCAGCTG,2393 PH-ant-LHA Otp Bsx Glut_1,0591 PH-ant-LHA Otp Bsx Glut_1,134 PH-ant-LHA Otp Bsx Glut,14 HY Glut,False,Glut
CATGCCTCACGAAGAC,5285 MOL NN_4,1184 MOL NN_4,327 Oligo NN,31 OPC-Oligo,True,
TACTTGTAGAATCCCT,5272 COP NN_1,1181 COP NN_1,327 Oligo NN,31 OPC-Oligo,True,
GGTCTGGCATCGTGGC,5285 MOL NN_4,1184 MOL NN_4,327 Oligo NN,31 OPC-Oligo,True,
CCGGTGATCGACCATA,3647 LGv-SPFp-SPFm Nkx2-2 Tcf7l2 Gaba_3,0836 LGv-SPFp-SPFm Nkx2-2 Tcf7l2 Gaba_3,203 LGv-SPFp-SPFm Nkx2-2 Tcf7l2 Gaba,20 MB GABA,False,GABA
AGTTCGAGTTAGAGTA,2429 STN-PSTN Pitx2 Glut_1,0598 STN-PSTN Pitx2 Glut_1,135 STN-PSTN Pitx2 Glut,14 HY Glut,True,Glut
ATACCTTTCAAGTCTG,1805 DMH-LHA Gsx1 Gaba_2,0471 DMH-LHA Gsx1 Gaba_2,102 DMH-LHA Gsx1 Gaba,12 HY GABA,True,GABA
ATCCCTGGTACTCGTA,2459 STN-PSTN Pitx2 Glut_7,0604 STN-PSTN Pitx2 Glut_7,135 STN-PSTN Pitx2 Glut,14 HY Glut,True,Glut
ATTCACTCAGTCAGTT,2448 STN-PSTN Pitx2 Glut_4,0601 STN-PSTN Pitx2 Glut_4,135 STN-PSTN Pitx2 Glut,14 HY Glut,True,Glut
ATTCCATAGAGTCACG,2518 PH-LHA Foxb1 Glut_5,0616 PH-LHA Foxb1 Glut_5,139 PH-LHA Foxb1 Glut,14 HY Glut,True,Glut
CAACAACAGTCTACCA,1815 PVHd-DMH Lhx6 Gaba_1,0474 PVHd-DMH Lhx6 Gaba_1,103 PVHd-DMH Lhx6 Gaba,12 HY GABA,True,GABA
CACGAATAGAATCTAG,2450 STN-PSTN Pitx2 Glut_4,0601 STN-PSTN Pitx2 Glut_4,135 STN-PSTN Pitx2 Glut,14 HY Glut,True,Glut
CACTAAGAGGTTGAGC,1763 ZI Pax6 Gaba_7,0465 ZI Pax6 Gaba_7,101 ZI Pax6 Gaba,12 HY GABA,True,GABA
CAGATACTCTGAGAGG,2452 STN-PSTN Pitx2 Glut_4,0601 STN-PSTN Pitx2 Glut_4,135 STN-PSTN Pitx2 Glut,14 HY Glut,True,Glut
CAGTTAGTCAGAGTTC,2439 STN-PSTN Pitx2 Glut_2,0599 STN-PSTN Pitx2 Glut_2,135 STN-PSTN Pitx2 Glut,14 HY Glut,False,Glut
CATACTTCAGACGGAT,2410 PH-ant-LHA Otp Bsx Glut_4,0594 PH-ant-LHA Otp Bsx Glut_4,134 PH-ant-LHA Otp Bsx Glut,14 HY Glut,True,Glut
CATGCTCCAGCCGGTT,2517 PH-LHA Foxb1 Glut_5,0616 PH-LHA Foxb1 Glut_5,139 PH-LHA Foxb1 Glut,14 HY Glut,True,Glut
CCCTCTCTCATGGAGG,2434 STN-PSTN Pitx2 Glut_1,0598 STN-PSTN Pitx2 Glut_1,135 STN-PSTN Pitx2 Glut,14 HY Glut,True,Glut
CCCTGATCATCGGATT,2443 STN-PSTN Pitx2 Glut_3,0600 STN-PSTN Pitx2 Glut_3,135 STN-PSTN Pitx2 Glut,14 HY Glut,False,Glut
CCGCAAGTCCGCTTAC,2453 STN-PSTN Pitx2 Glut_5,0602 STN-PSTN Pitx2 Glut_5,135 STN-PSTN Pitx2 Glut,14 HY Glut,True,Glut
CCGCAAGTCTGGGCAC,2439 STN-PSTN Pitx2 Glut_2,0599 STN-PSTN Pitx2 Glut_2,135 STN-PSTN Pitx2 Glut,14 HY Glut,False,Glut
TTCGATTCAGGGACTA,1748 ZI Pax6 Gaba_4,0462 ZI Pax6 Gaba_4,101 ZI Pax6 Gaba,12 HY GABA,False,GABA
CCGTTCAAGACCCTTA,2991 SPA-SPFm-SPFp-POL-PIL-PoT Sp9 Glut_8,0725 SPA-SPFm-SPFp-POL-PIL-PoT Sp9 Glut_8,168 SPA-SPFm-SPFp-POL-PIL-PoT Sp9 Glut,19 MB Glut,True,Glut
CTCCCAAGTGCAATAA,2991 SPA-SPFm-SPFp-POL-PIL-PoT Sp9 Glut_8,0725 SPA-SPFm-SPFp-POL-PIL-PoT Sp9 Glut_8,168 SPA-SPFm-SPFp-POL-PIL-PoT Sp9 Glut,19 MB Glut,True,Glut
CCACACTAGAAGCGAA,5285 MOL NN_4,1184 MOL NN_4,327 Oligo NN,31 OPC-Oligo,False,
CCCTTAGAGTATTGCC,5285 MOL NN_4,1184 MOL NN_4,327 Oligo NN,31 OPC-Oligo,False,
CGAAGGACAACATCGT,5285 MOL NN_4,1184 MOL NN_4,327 Oligo NN,31 OPC-Oligo,False,
CGTGCTTAGCTAAATG,5282 MFOL NN_3,1183 MFOL NN_3,327 Oligo NN,31 OPC-Oligo,True,
AGTAACCGTGTTTGCA,2993 SPA-SPFm-SPFp-POL-PIL-PoT Sp9 Glut_8,0725 SPA-SPFm-SPFp-POL-PIL-PoT Sp9 Glut_8,168 SPA-SPFm-SPFp-POL-PIL-PoT Sp9 Glut,19 MB Glut,False,Glut
AGTGCCGAGATTGGGC,4399 PGRN-PARN-MDRN Hoxb5 Glut_7,0979 PGRN-PARN-MDRN Hoxb5 Glut_7,243 PGRN-PARN-MDRN Hoxb5 Glut,24 MY Glut,True,Glut
AATCGTGGTACGGATG,5269 OPC NN_1,1179 OPC NN_1,326 OPC NN,31 OPC-Oligo,True,
ACTATTCAGGGTTAGC,5269 OPC NN_1,1179 OPC NN_1,326 OPC NN,31 OPC-Oligo,True,
TCAATCTGTACCTTCC,5285 MOL NN_4,1184 MOL NN_4,327 Oligo NN,31 OPC-Oligo,False,
TCCCATGCAAGAGTTA,5285 MOL NN_4,1184 MOL NN_4,327 Oligo NN,31 OPC-Oligo,True,
TCTGTCGGTGATAGTA,5284 MOL NN_4,1184 MOL NN_4,327 Oligo NN,31 OPC-Oligo,False,
GAGTTACGTAACTTCG,2990 SPA-SPFm-SPFp-POL-PIL-PoT Sp9 Glut_8,0725 SPA-SPFm-SPFp-POL-PIL-PoT Sp9 Glut_8,168 SPA-SPFm-SPFp-POL-PIL-PoT Sp9 Glut,19 MB Glut,False,Glut
GCCGATGAGTCAGAGC,3800 SCsg Gabrr2 Gaba_1,0872 SCsg Gabrr2 Gaba_1,213 SCsg Gabrr2 Gaba,20 MB GABA,True,GABA
TTACCGCGTGCCTAAT,5272 COP NN_1,1181 COP NN_1,327 Oligo NN,31 OPC-Oligo,False,
TTAGGCATCCCAATAG,5285 MOL NN_4,1184 MOL NN_4,327 Oligo NN,31 OPC-Oligo,False,
TTCCAATCATGTACGT,5285 MOL NN_4,1184 MOL NN_4,327 Oligo NN,31 OPC-Oligo,True,
TTGACCCCACCAGCTG,5272 COP NN_1,1181 COP NN_1,327 Oligo NN,31 OPC-Oligo,True,
GACTATGCACATGTTG,5285 MOL NN_4,1184 MOL NN_4,327 Oligo NN,31 OPC-Oligo,True,
GATCGTACAGCGTTGC,5284 MOL NN_4,1184 MOL NN_4,327 Oligo NN,31 OPC-Oligo,True,
GCCCGAATCTGCACCT,5284 MOL NN_4,1184 MOL NN_4,327 Oligo NN,31 OPC-Oligo,True,
GCTACCTGTGTATTCG,5285 MOL NN_4,1184 MOL NN_4,327 Oligo NN,31 OPC-Oligo,False,
GGACGTCCACGGAAGT,5285 MOL NN_4,1184 MOL NN_4,327 Oligo NN,31 OPC-Oligo,False,
GGCTTGGTCCAGCTCT,5285 MOL NN_4,1184 MOL NN_4,327 Oligo NN,31 OPC-Oligo,False,
AACTTCTAGAGCAACC,2485 PH Pitx2 Glut_2,0611 PH Pitx2 Glut_2,138 PH Pitx2 Glut,14 HY Glut,True,Glut
AAGCGTTCATACACCA,2432 STN-PSTN Pitx2 Glut_1,0598 STN-PSTN Pitx2 Glut_1,135 STN-PSTN Pitx2 Glut,14 HY Glut,False,Glut
ACAAGCTCACCGCTGA,2509 PH-LHA Foxb1 Glut_3,0614 PH-LHA Foxb1 Glut_3,139 PH-LHA Foxb1 Glut,14 HY Glut,True,Glut
ACCTGAATCCGCAACG,1738 ZI Pax6 Gaba_3,0461 ZI Pax6 Gaba_3,101 ZI Pax6 Gaba,12 HY GABA,True,GABA
ACTGCAATCTTAATCC,2510 PH-LHA Foxb1 Glut_3,0614 PH-LHA Foxb1 Glut_3,139 PH-LHA Foxb1 Glut,14 HY Glut,True,Glut
AGAACCTCAGAGATTA,2502 PH-LHA Foxb1 Glut_1,0612 PH-LHA Foxb1 Glut_1,139 PH-LHA Foxb1 Glut,14 HY Glut,False,Glut
AGACAAAGTAGGTTTC,1792 DMH-LHA Gsx1 Gaba_1,0470 DMH-LHA Gsx1 Gaba_1,102 DMH-LHA Gsx1 Gaba,12 HY GABA,True,GABA
AGCATCAGTGGGTTGA,2454 STN-PSTN Pitx2 Glut_5,0602 STN-PSTN Pitx2 Glut_5,135 STN-PSTN Pitx2 Glut,14 HY Glut,True,Glut
AGCGCCAGTTATAGCC,2412 PH-ant-LHA Otp Bsx Glut_4,0594 PH-ant-LHA Otp Bsx Glut_4,134 PH-ant-LHA Otp Bsx Glut,14 HY Glut,True,Glut
AGGAAATCAGAGATTA,2412 PH-ant-LHA Otp Bsx Glut_4,0594 PH-ant-LHA Otp Bsx Glut_4,134 PH-ant-LHA Otp Bsx Glut,14 HY Glut,True,Glut
AGGTCATAGGGACCAT,2450 STN-PSTN Pitx2 Glut_4,0601 STN-PSTN Pitx2 Glut_4,135 STN-PSTN Pitx2 Glut,14 HY Glut,False,Glut
AGTGACTTCCAGCTCT,2433 STN-PSTN Pitx2 Glut_1,0598 STN-PSTN Pitx2 Glut_1,135 STN-PSTN Pitx2 Glut,14 HY Glut,False,Glut
GTGCTTCCAGAACTAA,1786 ZI Pax6 Gaba_11,0469 ZI Pax6 Gaba_11,101 ZI Pax6 Gaba,12 HY GABA,True,GABA
TAATTCCAGGGCAGTT,2561 PH-SUM Foxa1 Glut_6,0627 PH-SUM Foxa1 Glut_6,141 PH-SUM Foxa1 Glut,14 HY Glut,True,Glut-GABA
TAGACTGCAGAGAAAG,2428 PH-ant-LHA Otp Bsx Glut_7,0597 PH-ant-LHA Otp Bsx Glut_7,134 PH-ant-LHA Otp Bsx Glut,14 HY Glut,False,Glut
TCATTTGAGGTCATCT,1717 ZI Pax6 Gaba_1,0459 ZI Pax6 Gaba_1,101 ZI Pax6 Gaba,12 HY GABA,True,GABA
TCCACCACATATGGCT,1986 LGv-ZI Otx2 Gaba_5,0500 LGv-ZI Otx2 Gaba_5,109 LGv-ZI Otx2 Gaba,12 HY GABA,True,GABA
TCCTGCAGTCGAAGCA,1987 LGv-ZI Otx2 Gaba_5,0500 LGv-ZI Otx2 Gaba_5,109 LGv-ZI Otx2 Gaba,12 HY GABA,True,GABA
TGAGCGCTCATGGGAG,5284 MOL NN_4,1184 MOL NN_4,327 Oligo NN,31 OPC-Oligo,True,
TGTTGGATCGAGCCTG,5284 MOL NN_4,1184 MOL NN_4,327 Oligo NN,31 OPC-Oligo,False,
GATGGAGGTTTCGTAG,1742 ZI Pax6 Gaba_4,0462 ZI Pax6 Gaba_4,101 ZI Pax6 Gaba,12 HY GABA,True,GABA
GATGGAGTCCGTCCTA,1736 ZI Pax6 Gaba_3,0461 ZI Pax6 Gaba_3,101 ZI Pax6 Gaba,12 HY GABA,False,GABA
GCAACCGGTCACCTTC,2433 STN-PSTN Pitx2 Glut_1,0598 STN-PSTN Pitx2 Glut_1,135 STN-PSTN Pitx2 Glut,14 HY Glut,True,Glut
GCATCTCAGCGCTTCG,2485 PH Pitx2 Glut_2,0611 PH Pitx2 Glut_2,138 PH Pitx2 Glut,14 HY Glut,True,Glut
GCCAGTGTCTCCTGTG,2434 STN-PSTN Pitx2 Glut_1,0598 STN-PSTN Pitx2 Glut_1,135 STN-PSTN Pitx2 Glut,14 HY Glut,True,Glut
GCGTTTCTCGACACCG,1741 ZI Pax6 Gaba_4,0462 ZI Pax6 Gaba_4,101 ZI Pax6 Gaba,12 HY GABA,True,GABA
GGGAAGTTCGATACGT,1987 LGv-ZI Otx2 Gaba_5,0500 LGv-ZI Otx2 Gaba_5,109 LGv-ZI Otx2 Gaba,12 HY GABA,True,GABA
GGGATGACACGACAGA,1746 ZI Pax6 Gaba_4,0462 ZI Pax6 Gaba_4,101 ZI Pax6 Gaba,12 HY GABA,True,GABA
GGGTATTGTTGTATGC,2436 STN-PSTN Pitx2 Glut_2,0599 STN-PSTN Pitx2 Glut_2,135 STN-PSTN Pitx2 Glut,14 HY Glut,False,Glut
GGGTCTGTCCACCTCA,2461 PMv-TMv Pitx2 Glut_1,0605 PMv-TMv Pitx2 Glut_1,136 PMv-TMv Pitx2 Glut,14 HY Glut,False,Glut
GTAACACTCGCTTGAA,2455 STN-PSTN Pitx2 Glut_5,0602 STN-PSTN Pitx2 Glut_5,135 STN-PSTN Pitx2 Glut,14 HY Glut,False,Glut
GTCACGGAGTGTCATC,2498 PH-LHA Foxb1 Glut_1,0612 PH-LHA Foxb1 Glut_1,139 PH-LHA Foxb1 Glut,14 HY Glut,False,Glut
CCAATGAGTAGTGATA,5284 MOL NN_4,1184 MOL NN_4,327 Oligo NN,31 OPC-Oligo,False,
GGTTGTAGTTCTATCT,5285 MOL NN_4,1184 MOL NN_4,327 Oligo NN,31 OPC-Oligo,True,
GTAGAAAAGTTAACAG,5285 MOL NN_4,1184 MOL NN_4,327 Oligo NN,31 OPC-Oligo,False,
GTCACTCAGCGACTAG,5285 MOL NN_4,1184 MOL NN_4,327 Oligo NN,31 OPC-Oligo,False,
GTTAGACGTAGCTTTG,5285 MOL NN_4,1184 MOL NN_4,327 Oligo NN,31 OPC-Oligo,False,
TAGGAGGGTCCGAAAG,5285 MOL NN_4,1184 MOL NN_4,327 Oligo NN,31 OPC-Oligo,True,
GCACTAACAGTATGAA,5215 Astro-NT NN_2,1160 Astro-NT NN_2,318 Astro-NT NN,30 Astro-Epen,False,
AGTAGTCTCACACCGG,5284 MOL NN_4,1184 MOL NN_4,327 Oligo NN,31 OPC-Oligo,True,
AGTCTCCGTGGTCTGC,5285 MOL NN_4,1184 MOL NN_4,327 Oligo NN,31 OPC-Oligo,False,
ATTGTTCTCAGAGCAG,5285 MOL NN_4,1184 MOL NN_4,327 Oligo NN,31 OPC-Oligo,False,
CAAAGAAGTCATCCCT,5285 MOL NN_4,1184 MOL NN_4,327 Oligo NN,31 OPC-Oligo,False,
CACTGAAAGCAGCCCT,5284 MOL NN_4,1184 MOL NN_4,327 Oligo NN,31 OPC-Oligo,True,
CAGCGTGTCCGTTTCG,5272 COP NN_1,1181 COP NN_1,327 Oligo NN,31 OPC-Oligo,True,
AATGGCTGTTAGCGGA,5285 MOL NN_4,1184 MOL NN_4,327 Oligo NN,31 OPC-Oligo,False,
ACTATCTTCTCTCAAT,5284 MOL NN_4,1184 MOL NN_4,327 Oligo NN,31 OPC-Oligo,True,
AGATAGAGTAAGTTAG,5285 MOL NN_4,1184 MOL NN_4,327 Oligo NN,31 OPC-Oligo,True,
AGGCCACGTCGTATTG,5272 COP NN_1,1181 COP NN_1,327 Oligo NN,31 OPC-Oligo,True,
AGGGCTCTCAGATGCT,5285 MOL NN_4,1184 MOL NN_4,327 Oligo NN,31 OPC-Oligo,False,
TACCGGGTCCGATGTA,5284 MOL NN_4,1184 MOL NN_4,327 Oligo NN,31 OPC-Oligo,True,
TACCTCGAGACGGTTG,5286 MOL NN_4,1184 MOL NN_4,327 Oligo NN,31 OPC-Oligo,True,
GTGCAGCGTATGCGGA,5284 MOL NN_4,1184 MOL NN_4,327 Oligo NN,31 OPC-Oligo,False,
AGAAGTATCTCGTCAC,5284 MOL NN_4,1184 MOL NN_4,327 Oligo NN,31 OPC-Oligo,True,
TATCCTAGTTATGACC,5214 Astro-NT NN_2,1160 Astro-NT NN_2,318 Astro-NT NN,30 Astro-Epen,True,
